city_key,pref_code,pref_name,city_code,city_name
01-01000,01,北海道,01000,
01-01100,01,北海道,01100,札幌市
01-01202,01,北海道,01202,函館市
01-01203,01,北海道,01203,小樽市
01-01204,01,北海道,01204,旭川市
01-01205,01,北海道,01205,室蘭市
01-01206,01,北海道,01206,釧路市
01-01207,01,北海道,01207,帯広市
01-01208,01,北海道,01208,北見市
01-01209,01,北海道,01209,夕張市
01-01210,01,北海道,01210,岩見沢市
01-01211,01,北海道,01211,網走市
01-01212,01,北海道,01212,留萌市
01-01213,01,北海道,01213,苫小牧市
01-01214,01,北海道,01214,稚内市
01-01215,01,北海道,01215,美唄市
01-01216,01,北海道,01216,芦別市
01-01217,01,北海道,01217,江別市
01-01218,01,北海道,01218,赤平市
01-01219,01,北海道,01219,紋別市
01-01220,01,北海道,01220,士別市
01-01221,01,北海道,01221,名寄市
01-01222,01,北海道,01222,三笠市
01-01223,01,北海道,01223,根室市
01-01224,01,北海道,01224,千歳市
01-01225,01,北海道,01225,滝川市
01-01226,01,北海道,01226,砂川市
01-01227,01,北海道,01227,歌志内市
01-01228,01,北海道,01228,深川市
01-01229,01,北海道,01229,富良野市
01-01230,01,北海道,01230,登別市
01-01231,01,北海道,01231,恵庭市
01-01233,01,北海道,01233,伊達市
01-01234,01,北海道,01234,北広島市
01-01235,01,北海道,01235,石狩市
01-01236,01,北海道,01236,北斗市
01-01303,01,北海道,01303,当別町
01-01304,01,北海道,01304,新篠津村
01-01331,01,北海道,01331,松前町
01-01332,01,北海道,01332,福島町
01-01333,01,北海道,01333,知内町
01-01334,01,北海道,01334,木古内町
01-01337,01,北海道,01337,七飯町
01-01343,01,北海道,01343,鹿部町
01-01345,01,北海道,01345,森町
01-01346,01,北海道,01346,八雲町
01-01347,01,北海道,01347,長万部町
01-01361,01,北海道,01361,江差町
01-01362,01,北海道,01362,上ノ国町
01-01363,01,北海道,01363,厚沢部町
01-01364,01,北海道,01364,乙部町
01-01367,01,北海道,01367,奥尻町
01-01370,01,北海道,01370,今金町
01-01371,01,北海道,01371,せたな町
01-01391,01,北海道,01391,島牧村
01-01392,01,北海道,01392,寿都町
01-01393,01,北海道,01393,黒松内町
01-01394,01,北海道,01394,蘭越町
01-01395,01,北海道,01395,ニセコ町
01-01396,01,北海道,01396,真狩村
01-01397,01,北海道,01397,留寿都村
01-01398,01,北海道,01398,喜茂別町
01-01399,01,北海道,01399,京極町
01-01400,01,北海道,01400,倶知安町
01-01401,01,北海道,01401,共和町
01-01402,01,北海道,01402,岩内町
01-01403,01,北海道,01403,泊村
01-01404,01,北海道,01404,神恵内村
01-01405,01,北海道,01405,積丹町
01-01406,01,北海道,01406,古平町
01-01407,01,北海道,01407,仁木町
01-01408,01,北海道,01408,余市町
01-01409,01,北海道,01409,赤井川村
01-01423,01,北海道,01423,南幌町
01-01424,01,北海道,01424,奈井江町
01-01425,01,北海道,01425,上砂川町
01-01427,01,北海道,01427,由仁町
01-01428,01,北海道,01428,長沼町
01-01429,01,北海道,01429,栗山町
01-01430,01,北海道,01430,月形町
01-01431,01,北海道,01431,浦臼町
01-01432,01,北海道,01432,新十津川町
01-01433,01,北海道,01433,妹背牛町
01-01434,01,北海道,01434,秩父別町
01-01436,01,北海道,01436,雨竜町
01-01437,01,北海道,01437,北竜町
01-01438,01,北海道,01438,沼田町
01-01452,01,北海道,01452,鷹栖町
01-01453,01,北海道,01453,東神楽町
01-01454,01,北海道,01454,当麻町
01-01455,01,北海道,01455,比布町
01-01456,01,北海道,01456,愛別町
01-01457,01,北海道,01457,上川町
01-01458,01,北海道,01458,東川町
01-01459,01,北海道,01459,美瑛町
01-01460,01,北海道,01460,上富良野町
01-01461,01,北海道,01461,中富良野町
01-01462,01,北海道,01462,南富良野町
01-01463,01,北海道,01463,占冠村
01-01464,01,北海道,01464,和寒町
01-01465,01,北海道,01465,剣淵町
01-01468,01,北海道,01468,下川町
01-01469,01,北海道,01469,美深町
01-01470,01,北海道,01470,音威子府村
01-01471,01,北海道,01471,中川町
01-01472,01,北海道,01472,幌加内町
01-01481,01,北海道,01481,増毛町
01-01482,01,北海道,01482,小平町
01-01483,01,北海道,01483,苫前町
01-01484,01,北海道,01484,羽幌町
01-01485,01,北海道,01485,初山別村
01-01486,01,北海道,01486,遠別町
01-01487,01,北海道,01487,天塩町
01-01511,01,北海道,01511,猿払村
01-01512,01,北海道,01512,浜頓別町
01-01513,01,北海道,01513,中頓別町
01-01514,01,北海道,01514,枝幸町
01-01516,01,北海道,01516,豊富町
01-01517,01,北海道,01517,礼文町
01-01518,01,北海道,01518,利尻町
01-01519,01,北海道,01519,利尻富士町
01-01520,01,北海道,01520,幌延町
01-01543,01,北海道,01543,美幌町
01-01544,01,北海道,01544,津別町
01-01545,01,北海道,01545,斜里町
01-01546,01,北海道,01546,清里町
01-01547,01,北海道,01547,小清水町
01-01549,01,北海道,01549,訓子府町
01-01550,01,北海道,01550,置戸町
01-01552,01,北海道,01552,佐呂間町
01-01555,01,北海道,01555,遠軽町
01-01559,01,北海道,01559,湧別町
01-01560,01,北海道,01560,滝上町
01-01561,01,北海道,01561,興部町
01-01562,01,北海道,01562,西興部村
01-01563,01,北海道,01563,雄武町
01-01564,01,北海道,01564,大空町
01-01571,01,北海道,01571,豊浦町
01-01575,01,北海道,01575,壮瞥町
01-01578,01,北海道,01578,白老町
01-01581,01,北海道,01581,厚真町
01-01584,01,北海道,01584,洞爺湖町
01-01585,01,北海道,01585,安平町
01-01586,01,北海道,01586,むかわ町
01-01601,01,北海道,01601,日高町
01-01602,01,北海道,01602,平取町
01-01604,01,北海道,01604,新冠町
01-01607,01,北海道,01607,浦河町
01-01608,01,北海道,01608,様似町
01-01609,01,北海道,01609,えりも町
01-01610,01,北海道,01610,新ひだか町
01-01631,01,北海道,01631,音更町
01-01632,01,北海道,01632,士幌町
01-01633,01,北海道,01633,上士幌町
01-01634,01,北海道,01634,鹿追町
01-01635,01,北海道,01635,新得町
01-01636,01,北海道,01636,清水町
01-01637,01,北海道,01637,芽室町
01-01638,01,北海道,01638,中札内村
01-01639,01,北海道,01639,更別村
01-01641,01,北海道,01641,大樹町
01-01642,01,北海道,01642,広尾町
01-01643,01,北海道,01643,幕別町
01-01644,01,北海道,01644,池田町
01-01645,01,北海道,01645,豊頃町
01-01646,01,北海道,01646,本別町
01-01647,01,北海道,01647,足寄町
01-01648,01,北海道,01648,陸別町
01-01649,01,北海道,01649,浦幌町
01-01661,01,北海道,01661,釧路町
01-01662,01,北海道,01662,厚岸町
01-01663,01,北海道,01663,浜中町
01-01664,01,北海道,01664,標茶町
01-01665,01,北海道,01665,弟子屈町
01-01667,01,北海道,01667,鶴居村
01-01668,01,北海道,01668,白糠町
01-01691,01,北海道,01691,別海町
01-01692,01,北海道,01692,中標津町
01-01693,01,北海道,01693,標津町
01-01694,01,北海道,01694,羅臼町
01-01695,01,北海道,01695,色丹村
01-01696,01,北海道,01696,泊村
01-01697,01,北海道,01697,留夜別村
01-01698,01,北海道,01698,留別村
01-01699,01,北海道,01699,紗那村
01-01700,01,北海道,01700,蘂取村
02-02000,02,青森県,02000,
02-02201,02,青森県,02201,青森市
02-02202,02,青森県,02202,弘前市
02-02203,02,青森県,02203,八戸市
02-02204,02,青森県,02204,黒石市
02-02205,02,青森県,02205,五所川原市
02-02206,02,青森県,02206,十和田市
02-02207,02,青森県,02207,三沢市
02-02208,02,青森県,02208,むつ市
02-02209,02,青森県,02209,つがる市
02-02210,02,青森県,02210,平川市
02-02301,02,青森県,02301,平内町
02-02303,02,青森県,02303,今別町
02-02304,02,青森県,02304,蓬田村
02-02307,02,青森県,02307,外ヶ浜町
02-02321,02,青森県,02321,鰺ヶ沢町
02-02323,02,青森県,02323,深浦町
02-02343,02,青森県,02343,西目屋村
02-02361,02,青森県,02361,藤崎町
02-02362,02,青森県,02362,大鰐町
02-02367,02,青森県,02367,田舎館村
02-02381,02,青森県,02381,板柳町
02-02384,02,青森県,02384,鶴田町
02-02387,02,青森県,02387,中泊町
02-02401,02,青森県,02401,野辺地町
02-02402,02,青森県,02402,七戸町
02-02405,02,青森県,02405,六戸町
02-02406,02,青森県,02406,横浜町
02-02408,02,青森県,02408,東北町
02-02411,02,青森県,02411,六ヶ所村
02-02412,02,青森県,02412,おいらせ町
02-02423,02,青森県,02423,大間町
02-02424,02,青森県,02424,東通村
02-02425,02,青森県,02425,風間浦村
02-02426,02,青森県,02426,佐井村
02-02441,02,青森県,02441,三戸町
02-02442,02,青森県,02442,五戸町
02-02443,02,青森県,02443,田子町
02-02445,02,青森県,02445,南部町
02-02446,02,青森県,02446,階上町
02-02450,02,青森県,02450,新郷村
03-03000,03,岩手県,03000,
03-03201,03,岩手県,03201,盛岡市
03-03202,03,岩手県,03202,宮古市
03-03203,03,岩手県,03203,大船渡市
03-03205,03,岩手県,03205,花巻市
03-03206,03,岩手県,03206,北上市
03-03207,03,岩手県,03207,久慈市
03-03208,03,岩手県,03208,遠野市
03-03209,03,岩手県,03209,一関市
03-03210,03,岩手県,03210,陸前高田市
03-03211,03,岩手県,03211,釜石市
03-03213,03,岩手県,03213,二戸市
03-03214,03,岩手県,03214,八幡平市
03-03215,03,岩手県,03215,奥州市
03-03216,03,岩手県,03216,滝沢市
03-03301,03,岩手県,03301,雫石町
03-03302,03,岩手県,03302,葛巻町
03-03303,03,岩手県,03303,岩手町
03-03321,03,岩手県,03321,紫波町
03-03322,03,岩手県,03322,矢巾町
03-03366,03,岩手県,03366,西和賀町
03-03381,03,岩手県,03381,金ケ崎町
03-03402,03,岩手県,03402,平泉町
03-03441,03,岩手県,03441,住田町
03-03461,03,岩手県,03461,大槌町
03-03482,03,岩手県,03482,山田町
03-03483,03,岩手県,03483,岩泉町
03-03484,03,岩手県,03484,田野畑村
03-03485,03,岩手県,03485,普代村
03-03501,03,岩手県,03501,軽米町
03-03503,03,岩手県,03503,野田村
03-03506,03,岩手県,03506,九戸村
03-03507,03,岩手県,03507,洋野町
03-03524,03,岩手県,03524,一戸町
04-04000,04,宮城県,04000,
04-04100,04,宮城県,04100,仙台市
04-04202,04,宮城県,04202,石巻市
04-04203,04,宮城県,04203,塩竈市
04-04205,04,宮城県,04205,気仙沼市
04-04206,04,宮城県,04206,白石市
04-04207,04,宮城県,04207,名取市
04-04208,04,宮城県,04208,角田市
04-04209,04,宮城県,04209,多賀城市
04-04211,04,宮城県,04211,岩沼市
04-04212,04,宮城県,04212,登米市
04-04213,04,宮城県,04213,栗原市
04-04214,04,宮城県,04214,東松島市
04-04215,04,宮城県,04215,大崎市
04-04216,04,宮城県,04216,富谷市
04-04301,04,宮城県,04301,蔵王町
04-04302,04,宮城県,04302,七ヶ宿町
04-04321,04,宮城県,04321,大河原町
04-04322,04,宮城県,04322,村田町
04-04323,04,宮城県,04323,柴田町
04-04324,04,宮城県,04324,川崎町
04-04341,04,宮城県,04341,丸森町
04-04361,04,宮城県,04361,亘理町
04-04362,04,宮城県,04362,山元町
04-04401,04,宮城県,04401,松島町
04-04404,04,宮城県,04404,七ヶ浜町
04-04406,04,宮城県,04406,利府町
04-04421,04,宮城県,04421,大和町
04-04422,04,宮城県,04422,大郷町
04-04424,04,宮城県,04424,大衡村
04-04444,04,宮城県,04444,色麻町
04-04445,04,宮城県,04445,加美町
04-04501,04,宮城県,04501,涌谷町
04-04505,04,宮城県,04505,美里町
04-04581,04,宮城県,04581,女川町
04-04606,04,宮城県,04606,南三陸町
05-05000,05,秋田県,05000,
05-05201,05,秋田県,05201,秋田市
05-05202,05,秋田県,05202,能代市
05-05203,05,秋田県,05203,横手市
05-05204,05,秋田県,05204,大館市
05-05206,05,秋田県,05206,男鹿市
05-05207,05,秋田県,05207,湯沢市
05-05209,05,秋田県,05209,鹿角市
05-05210,05,秋田県,05210,由利本荘市
05-05211,05,秋田県,05211,潟上市
05-05212,05,秋田県,05212,大仙市
05-05213,05,秋田県,05213,北秋田市
05-05214,05,秋田県,05214,にかほ市
05-05215,05,秋田県,05215,仙北市
05-05303,05,秋田県,05303,小坂町
05-05327,05,秋田県,05327,上小阿仁村
05-05346,05,秋田県,05346,藤里町
05-05348,05,秋田県,05348,三種町
05-05349,05,秋田県,05349,八峰町
05-05361,05,秋田県,05361,五城目町
05-05363,05,秋田県,05363,八郎潟町
05-05366,05,秋田県,05366,井川町
05-05368,05,秋田県,05368,大潟村
05-05434,05,秋田県,05434,美郷町
05-05463,05,秋田県,05463,羽後町
05-05464,05,秋田県,05464,東成瀬村
06-06000,06,山形県,06000,
06-06201,06,山形県,06201,山形市
06-06202,06,山形県,06202,米沢市
06-06203,06,山形県,06203,鶴岡市
06-06204,06,山形県,06204,酒田市
06-06205,06,山形県,06205,新庄市
06-06206,06,山形県,06206,寒河江市
06-06207,06,山形県,06207,上山市
06-06208,06,山形県,06208,村山市
06-06209,06,山形県,06209,長井市
06-06210,06,山形県,06210,天童市
06-06211,06,山形県,06211,東根市
06-06212,06,山形県,06212,尾花沢市
06-06213,06,山形県,06213,南陽市
06-06301,06,山形県,06301,山辺町
06-06302,06,山形県,06302,中山町
06-06321,06,山形県,06321,河北町
06-06322,06,山形県,06322,西川町
06-06323,06,山形県,06323,朝日町
06-06324,06,山形県,06324,大江町
06-06341,06,山形県,06341,大石田町
06-06361,06,山形県,06361,金山町
06-06362,06,山形県,06362,最上町
06-06363,06,山形県,06363,舟形町
06-06364,06,山形県,06364,真室川町
06-06365,06,山形県,06365,大蔵村
06-06366,06,山形県,06366,鮭川村
06-06367,06,山形県,06367,戸沢村
06-06381,06,山形県,06381,高畠町
06-06382,06,山形県,06382,川西町
06-06401,06,山形県,06401,小国町
06-06402,06,山形県,06402,白鷹町
06-06403,06,山形県,06403,飯豊町
06-06426,06,山形県,06426,三川町
06-06428,06,山形県,06428,庄内町
06-06461,06,山形県,06461,遊佐町
07-07000,07,福島県,07000,
07-07201,07,福島県,07201,福島市
07-07202,07,福島県,07202,会津若松市
07-07203,07,福島県,07203,郡山市
07-07204,07,福島県,07204,いわき市
07-07205,07,福島県,07205,白河市
07-07207,07,福島県,07207,須賀川市
07-07208,07,福島県,07208,喜多方市
07-07209,07,福島県,07209,相馬市
07-07210,07,福島県,07210,二本松市
07-07211,07,福島県,07211,田村市
07-07212,07,福島県,07212,南相馬市
07-07213,07,福島県,07213,伊達市
07-07214,07,福島県,07214,本宮市
07-07301,07,福島県,07301,桑折町
07-07303,07,福島県,07303,国見町
07-07308,07,福島県,07308,川俣町
07-07322,07,福島県,07322,大玉村
07-07342,07,福島県,07342,鏡石町
07-07344,07,福島県,07344,天栄村
07-07362,07,福島県,07362,下郷町
07-07364,07,福島県,07364,檜枝岐村
07-07367,07,福島県,07367,只見町
07-07368,07,福島県,07368,南会津町
07-07402,07,福島県,07402,北塩原村
07-07405,07,福島県,07405,西会津町
07-07407,07,福島県,07407,磐梯町
07-07408,07,福島県,07408,猪苗代町
07-07421,07,福島県,07421,会津坂下町
07-07422,07,福島県,07422,湯川村
07-07423,07,福島県,07423,柳津町
07-07444,07,福島県,07444,三島町
07-07445,07,福島県,07445,金山町
07-07446,07,福島県,07446,昭和村
07-07447,07,福島県,07447,会津美里町
07-07461,07,福島県,07461,西郷村
07-07464,07,福島県,07464,泉崎村
07-07465,07,福島県,07465,中島村
07-07466,07,福島県,07466,矢吹町
07-07481,07,福島県,07481,棚倉町
07-07482,07,福島県,07482,矢祭町
07-07483,07,福島県,07483,塙町
07-07484,07,福島県,07484,鮫川村
07-07501,07,福島県,07501,石川町
07-07502,07,福島県,07502,玉川村
07-07503,07,福島県,07503,平田村
07-07504,07,福島県,07504,浅川町
07-07505,07,福島県,07505,古殿町
07-07521,07,福島県,07521,三春町
07-07522,07,福島県,07522,小野町
07-07541,07,福島県,07541,広野町
07-07542,07,福島県,07542,楢葉町
07-07543,07,福島県,07543,富岡町
07-07544,07,福島県,07544,川内村
07-07545,07,福島県,07545,大熊町
07-07546,07,福島県,07546,双葉町
07-07547,07,福島県,07547,浪江町
07-07548,07,福島県,07548,葛尾村
07-07561,07,福島県,07561,新地町
07-07564,07,福島県,07564,飯舘村
08-08000,08,茨城県,08000,
08-08201,08,茨城県,08201,水戸市
08-08202,08,茨城県,08202,日立市
08-08203,08,茨城県,08203,土浦市
08-08204,08,茨城県,08204,古河市
08-08205,08,茨城県,08205,石岡市
08-08207,08,茨城県,08207,結城市
08-08208,08,茨城県,08208,龍ケ崎市
08-08210,08,茨城県,08210,下妻市
08-08211,08,茨城県,08211,常総市
08-08212,08,茨城県,08212,常陸太田市
08-08214,08,茨城県,08214,高萩市
08-08215,08,茨城県,08215,北茨城市
08-08216,08,茨城県,08216,笠間市
08-08217,08,茨城県,08217,取手市
08-08219,08,茨城県,08219,牛久市
08-08220,08,茨城県,08220,つくば市
08-08221,08,茨城県,08221,ひたちなか市
08-08222,08,茨城県,08222,鹿嶋市
08-08223,08,茨城県,08223,潮来市
08-08224,08,茨城県,08224,守谷市
08-08225,08,茨城県,08225,常陸大宮市
08-08226,08,茨城県,08226,那珂市
08-08227,08,茨城県,08227,筑西市
08-08228,08,茨城県,08228,坂東市
08-08229,08,茨城県,08229,稲敷市
08-08230,08,茨城県,08230,かすみがうら市
08-08231,08,茨城県,08231,桜川市
08-08232,08,茨城県,08232,神栖市
08-08233,08,茨城県,08233,行方市
08-08234,08,茨城県,08234,鉾田市
08-08235,08,茨城県,08235,つくばみらい市
08-08236,08,茨城県,08236,小美玉市
08-08302,08,茨城県,08302,茨城町
08-08309,08,茨城県,08309,大洗町
08-08310,08,茨城県,08310,城里町
08-08341,08,茨城県,08341,東海村
08-08364,08,茨城県,08364,大子町
08-08442,08,茨城県,08442,美浦村
08-08443,08,茨城県,08443,阿見町
08-08447,08,茨城県,08447,河内町
08-08521,08,茨城県,08521,八千代町
08-08542,08,茨城県,08542,五霞町
08-08546,08,茨城県,08546,境町
08-08564,08,茨城県,08564,利根町
09-09000,09,栃木県,09000,
09-09201,09,栃木県,09201,宇都宮市
09-09202,09,栃木県,09202,足利市
09-09203,09,栃木県,09203,栃木市
09-09204,09,栃木県,09204,佐野市
09-09205,09,栃木県,09205,鹿沼市
09-09206,09,栃木県,09206,日光市
09-09208,09,栃木県,09208,小山市
09-09209,09,栃木県,09209,真岡市
09-09210,09,栃木県,09210,大田原市
09-09211,09,栃木県,09211,矢板市
09-09213,09,栃木県,09213,那須塩原市
09-09214,09,栃木県,09214,さくら市
09-09215,09,栃木県,09215,那須烏山市
09-09216,09,栃木県,09216,下野市
09-09301,09,栃木県,09301,上三川町
09-09342,09,栃木県,09342,益子町
09-09343,09,栃木県,09343,茂木町
09-09344,09,栃木県,09344,市貝町
09-09345,09,栃木県,09345,芳賀町
09-09361,09,栃木県,09361,壬生町
09-09364,09,栃木県,09364,野木町
09-09384,09,栃木県,09384,塩谷町
09-09386,09,栃木県,09386,高根沢町
09-09407,09,栃木県,09407,那須町
09-09411,09,栃木県,09411,那珂川町
10-10000,10,群馬県,10000,
10-10201,10,群馬県,10201,前橋市
10-10202,10,群馬県,10202,高崎市
10-10203,10,群馬県,10203,桐生市
10-10204,10,群馬県,10204,伊勢崎市
10-10205,10,群馬県,10205,太田市
10-10206,10,群馬県,10206,沼田市
10-10207,10,群馬県,10207,館林市
10-10208,10,群馬県,10208,渋川市
10-10209,10,群馬県,10209,藤岡市
10-10210,10,群馬県,10210,富岡市
10-10211,10,群馬県,10211,安中市
10-10212,10,群馬県,10212,みどり市
10-10344,10,群馬県,10344,榛東村
10-10345,10,群馬県,10345,吉岡町
10-10366,10,群馬県,10366,上野村
10-10367,10,群馬県,10367,神流町
10-10382,10,群馬県,10382,下仁田町
10-10383,10,群馬県,10383,南牧村
10-10384,10,群馬県,10384,甘楽町
10-10421,10,群馬県,10421,中之条町
10-10424,10,群馬県,10424,長野原町
10-10425,10,群馬県,10425,嬬恋村
10-10426,10,群馬県,10426,草津町
10-10428,10,群馬県,10428,高山村
10-10429,10,群馬県,10429,東吾妻町
10-10443,10,群馬県,10443,片品村
10-10444,10,群馬県,10444,川場村
10-10448,10,群馬県,10448,昭和村
10-10449,10,群馬県,10449,みなかみ町
10-10464,10,群馬県,10464,玉村町
10-10521,10,群馬県,10521,板倉町
10-10522,10,群馬県,10522,明和町
10-10523,10,群馬県,10523,千代田町
10-10524,10,群馬県,10524,大泉町
10-10525,10,群馬県,10525,邑楽町
11-11000,11,埼玉県,11000,
11-11100,11,埼玉県,11100,さいたま市
11-11201,11,埼玉県,11201,川越市
11-11202,11,埼玉県,11202,熊谷市
11-11203,11,埼玉県,11203,川口市
11-11206,11,埼玉県,11206,行田市
11-11207,11,埼玉県,11207,秩父市
11-11208,11,埼玉県,11208,所沢市
11-11209,11,埼玉県,11209,飯能市
11-11210,11,埼玉県,11210,加須市
11-11211,11,埼玉県,11211,本庄市
11-11212,11,埼玉県,11212,東松山市
11-11214,11,埼玉県,11214,春日部市
11-11215,11,埼玉県,11215,狭山市
11-11216,11,埼玉県,11216,羽生市
11-11217,11,埼玉県,11217,鴻巣市
11-11218,11,埼玉県,11218,深谷市
11-11219,11,埼玉県,11219,上尾市
11-11221,11,埼玉県,11221,草加市
11-11222,11,埼玉県,11222,越谷市
11-11223,11,埼玉県,11223,蕨市
11-11224,11,埼玉県,11224,戸田市
11-11225,11,埼玉県,11225,入間市
11-11227,11,埼玉県,11227,朝霞市
11-11228,11,埼玉県,11228,志木市
11-11229,11,埼玉県,11229,和光市
11-11230,11,埼玉県,11230,新座市
11-11231,11,埼玉県,11231,桶川市
11-11232,11,埼玉県,11232,久喜市
11-11233,11,埼玉県,11233,北本市
11-11234,11,埼玉県,11234,八潮市
11-11235,11,埼玉県,11235,富士見市
11-11237,11,埼玉県,11237,三郷市
11-11238,11,埼玉県,11238,蓮田市
11-11239,11,埼玉県,11239,坂戸市
11-11240,11,埼玉県,11240,幸手市
11-11241,11,埼玉県,11241,鶴ヶ島市
11-11242,11,埼玉県,11242,日高市
11-11243,11,埼玉県,11243,吉川市
11-11245,11,埼玉県,11245,ふじみ野市
11-11246,11,埼玉県,11246,白岡市
11-11301,11,埼玉県,11301,伊奈町
11-11324,11,埼玉県,11324,三芳町
11-11326,11,埼玉県,11326,毛呂山町
11-11327,11,埼玉県,11327,越生町
11-11341,11,埼玉県,11341,滑川町
11-11342,11,埼玉県,11342,嵐山町
11-11343,11,埼玉県,11343,小川町
11-11346,11,埼玉県,11346,川島町
11-11347,11,埼玉県,11347,吉見町
11-11348,11,埼玉県,11348,鳩山町
11-11349,11,埼玉県,11349,ときがわ町
11-11361,11,埼玉県,11361,横瀬町
11-11362,11,埼玉県,11362,皆野町
11-11363,11,埼玉県,11363,長瀞町
11-11365,11,埼玉県,11365,小鹿野町
11-11369,11,埼玉県,11369,東秩父村
11-11381,11,埼玉県,11381,美里町
11-11383,11,埼玉県,11383,神川町
11-11385,11,埼玉県,11385,上里町
11-11408,11,埼玉県,11408,寄居町
11-11442,11,埼玉県,11442,宮代町
11-11464,11,埼玉県,11464,杉戸町
11-11465,11,埼玉県,11465,松伏町
12-12000,12,千葉県,12000,
12-12100,12,千葉県,12100,千葉市
12-12202,12,千葉県,12202,銚子市
12-12203,12,千葉県,12203,市川市
12-12204,12,千葉県,12204,船橋市
12-12205,12,千葉県,12205,館山市
12-12206,12,千葉県,12206,木更津市
12-12207,12,千葉県,12207,松戸市
12-12208,12,千葉県,12208,野田市
12-12210,12,千葉県,12210,茂原市
12-12211,12,千葉県,12211,成田市
12-12212,12,千葉県,12212,佐倉市
12-12213,12,千葉県,12213,東金市
12-12215,12,千葉県,12215,旭市
12-12216,12,千葉県,12216,習志野市
12-12217,12,千葉県,12217,柏市
12-12218,12,千葉県,12218,勝浦市
12-12219,12,千葉県,12219,市原市
12-12220,12,千葉県,12220,流山市
12-12221,12,千葉県,12221,八千代市
12-12222,12,千葉県,12222,我孫子市
12-12223,12,千葉県,12223,鴨川市
12-12224,12,千葉県,12224,鎌ケ谷市
12-12225,12,千葉県,12225,君津市
12-12226,12,千葉県,12226,富津市
12-12227,12,千葉県,12227,浦安市
12-12228,12,千葉県,12228,四街道市
12-12229,12,千葉県,12229,袖ケ浦市
12-12230,12,千葉県,12230,八街市
12-12231,12,千葉県,12231,印西市
12-12232,12,千葉県,12232,白井市
12-12233,12,千葉県,12233,富里市
12-12234,12,千葉県,12234,南房総市
12-12235,12,千葉県,12235,匝瑳市
12-12236,12,千葉県,12236,香取市
12-12237,12,千葉県,12237,山武市
12-12238,12,千葉県,12238,いすみ市
12-12239,12,千葉県,12239,大網白里市
12-12322,12,千葉県,12322,酒々井町
12-12329,12,千葉県,12329,栄町
12-12342,12,千葉県,12342,神崎町
12-12347,12,千葉県,12347,多古町
12-12349,12,千葉県,12349,東庄町
12-12403,12,千葉県,12403,九十九里町
12-12409,12,千葉県,12409,芝山町
12-12410,12,千葉県,12410,横芝光町
12-12421,12,千葉県,12421,一宮町
12-12422,12,千葉県,12422,睦沢町
12-12423,12,千葉県,12423,長生村
12-12424,12,千葉県,12424,白子町
12-12426,12,千葉県,12426,長柄町
12-12427,12,千葉県,12427,長南町
12-12441,12,千葉県,12441,大多喜町
12-12443,12,千葉県,12443,御宿町
12-12463,12,千葉県,12463,鋸南町
13-13000,13,東京都,13000,
13-13101,13,東京都,13101,千代田区
13-13102,13,東京都,13102,中央区
13-13103,13,東京都,13103,港区
13-13104,13,東京都,13104,新宿区
13-13105,13,東京都,13105,文京区
13-13106,13,東京都,13106,台東区
13-13107,13,東京都,13107,墨田区
13-13108,13,東京都,13108,江東区
13-13109,13,東京都,13109,品川区
13-13110,13,東京都,13110,目黒区
13-13111,13,東京都,13111,大田区
13-13112,13,東京都,13112,世田谷区
13-13113,13,東京都,13113,渋谷区
13-13114,13,東京都,13114,中野区
13-13115,13,東京都,13115,杉並区
13-13116,13,東京都,13116,豊島区
13-13117,13,東京都,13117,北区
13-13118,13,東京都,13118,荒川区
13-13119,13,東京都,13119,板橋区
13-13120,13,東京都,13120,練馬区
13-13121,13,東京都,13121,足立区
13-13122,13,東京都,13122,葛飾区
13-13123,13,東京都,13123,江戸川区
13-13201,13,東京都,13201,八王子市
13-13202,13,東京都,13202,立川市
13-13203,13,東京都,13203,武蔵野市
13-13204,13,東京都,13204,三鷹市
13-13205,13,東京都,13205,青梅市
13-13206,13,東京都,13206,府中市
13-13207,13,東京都,13207,昭島市
13-13208,13,東京都,13208,調布市
13-13209,13,東京都,13209,町田市
13-13210,13,東京都,13210,小金井市
13-13211,13,東京都,13211,小平市
13-13212,13,東京都,13212,日野市
13-13213,13,東京都,13213,東村山市
13-13214,13,東京都,13214,国分寺市
13-13215,13,東京都,13215,国立市
13-13218,13,東京都,13218,福生市
13-13219,13,東京都,13219,狛江市
13-13220,13,東京都,13220,東大和市
13-13221,13,東京都,13221,清瀬市
13-13222,13,東京都,13222,東久留米市
13-13223,13,東京都,13223,武蔵村山市
13-13224,13,東京都,13224,多摩市
13-13225,13,東京都,13225,稲城市
13-13227,13,東京都,13227,羽村市
13-13228,13,東京都,13228,あきる野市
13-13229,13,東京都,13229,西東京市
13-13303,13,東京都,13303,瑞穂町
13-13305,13,東京都,13305,日の出町
13-13307,13,東京都,13307,檜原村
13-13308,13,東京都,13308,奥多摩町
13-13361,13,東京都,13361,大島町
13-13362,13,東京都,13362,利島村
13-13363,13,東京都,13363,新島村
13-13364,13,東京都,13364,神津島村
13-13381,13,東京都,13381,三宅村
13-13382,13,東京都,13382,御蔵島村
13-13401,13,東京都,13401,八丈町
13-13402,13,東京都,13402,青ヶ島村
13-13421,13,東京都,13421,小笠原村
14-14000,14,神奈川県,14000,
14-14100,14,神奈川県,14100,横浜市
14-14130,14,神奈川県,14130,川崎市
14-14150,14,神奈川県,14150,相模原市
14-14201,14,神奈川県,14201,横須賀市
14-14203,14,神奈川県,14203,平塚市
14-14204,14,神奈川県,14204,鎌倉市
14-14205,14,神奈川県,14205,藤沢市
14-14206,14,神奈川県,14206,小田原市
14-14207,14,神奈川県,14207,茅ヶ崎市
14-14208,14,神奈川県,14208,逗子市
14-14210,14,神奈川県,14210,三浦市
14-14211,14,神奈川県,14211,秦野市
14-14212,14,神奈川県,14212,厚木市
14-14213,14,神奈川県,14213,大和市
14-14214,14,神奈川県,14214,伊勢原市
14-14215,14,神奈川県,14215,海老名市
14-14216,14,神奈川県,14216,座間市
14-14217,14,神奈川県,14217,南足柄市
14-14218,14,神奈川県,14218,綾瀬市
14-14301,14,神奈川県,14301,葉山町
14-14321,14,神奈川県,14321,寒川町
14-14341,14,神奈川県,14341,大磯町
14-14342,14,神奈川県,14342,二宮町
14-14361,14,神奈川県,14361,中井町
14-14362,14,神奈川県,14362,大井町
14-14363,14,神奈川県,14363,松田町
14-14364,14,神奈川県,14364,山北町
14-14366,14,神奈川県,14366,開成町
14-14382,14,神奈川県,14382,箱根町
14-14383,14,神奈川県,14383,真鶴町
14-14384,14,神奈川県,14384,湯河原町
14-14401,14,神奈川県,14401,愛川町
14-14402,14,神奈川県,14402,清川村
15-15000,15,新潟県,15000,
15-15100,15,新潟県,15100,新潟市
15-15202,15,新潟県,15202,長岡市
15-15204,15,新潟県,15204,三条市
15-15205,15,新潟県,15205,柏崎市
15-15206,15,新潟県,15206,新発田市
15-15208,15,新潟県,15208,小千谷市
15-15209,15,新潟県,15209,加茂市
15-15210,15,新潟県,15210,十日町市
15-15211,15,新潟県,15211,見附市
15-15212,15,新潟県,15212,村上市
15-15213,15,新潟県,15213,燕市
15-15216,15,新潟県,15216,糸魚川市
15-15217,15,新潟県,15217,妙高市
15-15218,15,新潟県,15218,五泉市
15-15222,15,新潟県,15222,上越市
15-15223,15,新潟県,15223,阿賀野市
15-15224,15,新潟県,15224,佐渡市
15-15225,15,新潟県,15225,魚沼市
15-15226,15,新潟県,15226,南魚沼市
15-15227,15,新潟県,15227,胎内市
15-15307,15,新潟県,15307,聖籠町
15-15342,15,新潟県,15342,弥彦村
15-15361,15,新潟県,15361,田上町
15-15385,15,新潟県,15385,阿賀町
15-15405,15,新潟県,15405,出雲崎町
15-15461,15,新潟県,15461,湯沢町
15-15482,15,新潟県,15482,津南町
15-15504,15,新潟県,15504,刈羽村
15-15581,15,新潟県,15581,関川村
15-15586,15,新潟県,15586,粟島浦村
16-16000,16,富山県,16000,
16-16201,16,富山県,16201,富山市
16-16202,16,富山県,16202,高岡市
16-16204,16,富山県,16204,魚津市
16-16205,16,富山県,16205,氷見市
16-16206,16,富山県,16206,滑川市
16-16207,16,富山県,16207,黒部市
16-16208,16,富山県,16208,砺波市
16-16209,16,富山県,16209,小矢部市
16-16210,16,富山県,16210,南砺市
16-16211,16,富山県,16211,射水市
16-16321,16,富山県,16321,舟橋村
16-16322,16,富山県,16322,上市町
16-16323,16,富山県,16323,立山町
16-16342,16,富山県,16342,入善町
16-16343,16,富山県,16343,朝日町
17-17000,17,石川県,17000,
17-17201,17,石川県,17201,金沢市
17-17202,17,石川県,17202,七尾市
17-17203,17,石川県,17203,小松市
17-17204,17,石川県,17204,輪島市
17-17205,17,石川県,17205,珠洲市
17-17206,17,石川県,17206,加賀市
17-17207,17,石川県,17207,羽咋市
17-17209,17,石川県,17209,かほく市
17-17210,17,石川県,17210,白山市
17-17211,17,石川県,17211,能美市
17-17212,17,石川県,17212,野々市市
17-17324,17,石川県,17324,川北町
17-17361,17,石川県,17361,津幡町
17-17365,17,石川県,17365,内灘町
17-17384,17,石川県,17384,志賀町
17-17386,17,石川県,17386,宝達志水町
17-17407,17,石川県,17407,中能登町
17-17461,17,石川県,17461,穴水町
17-17463,17,石川県,17463,能登町
18-18000,18,福井県,18000,
18-18201,18,福井県,18201,福井市
18-18202,18,福井県,18202,敦賀市
18-18204,18,福井県,18204,小浜市
18-18205,18,福井県,18205,大野市
18-18206,18,福井県,18206,勝山市
18-18207,18,福井県,18207,鯖江市
18-18208,18,福井県,18208,あわら市
18-18209,18,福井県,18209,越前市
18-18210,18,福井県,18210,坂井市
18-18322,18,福井県,18322,永平寺町
18-18382,18,福井県,18382,池田町
18-18404,18,福井県,18404,南越前町
18-18423,18,福井県,18423,越前町
18-18442,18,福井県,18442,美浜町
18-18481,18,福井県,18481,高浜町
18-18483,18,福井県,18483,おおい町
18-18501,18,福井県,18501,若狭町
19-19000,19,山梨県,19000,
19-19201,19,山梨県,19201,甲府市
19-19202,19,山梨県,19202,富士吉田市
19-19204,19,山梨県,19204,都留市
19-19205,19,山梨県,19205,山梨市
19-19206,19,山梨県,19206,大月市
19-19207,19,山梨県,19207,韮崎市
19-19208,19,山梨県,19208,南アルプス市
19-19209,19,山梨県,19209,北杜市
19-19210,19,山梨県,19210,甲斐市
19-19211,19,山梨県,19211,笛吹市
19-19212,19,山梨県,19212,上野原市
19-19213,19,山梨県,19213,甲州市
19-19214,19,山梨県,19214,中央市
19-19346,19,山梨県,19346,市川三郷町
19-19364,19,山梨県,19364,早川町
19-19365,19,山梨県,19365,身延町
19-19366,19,山梨県,19366,南部町
19-19368,19,山梨県,19368,富士川町
19-19384,19,山梨県,19384,昭和町
19-19422,19,山梨県,19422,道志村
19-19423,19,山梨県,19423,西桂町
19-19424,19,山梨県,19424,忍野村
19-19425,19,山梨県,19425,山中湖村
19-19429,19,山梨県,19429,鳴沢村
19-19430,19,山梨県,19430,富士河口湖町
19-19442,19,山梨県,19442,小菅村
19-19443,19,山梨県,19443,丹波山村
20-20000,20,長野県,20000,
20-20201,20,長野県,20201,長野市
20-20202,20,長野県,20202,松本市
20-20203,20,長野県,20203,上田市
20-20204,20,長野県,20204,岡谷市
20-20205,20,長野県,20205,飯田市
20-20206,20,長野県,20206,諏訪市
20-20207,20,長野県,20207,須坂市
20-20208,20,長野県,20208,小諸市
20-20209,20,長野県,20209,伊那市
20-20210,20,長野県,20210,駒ヶ根市
20-20211,20,長野県,20211,中野市
20-20212,20,長野県,20212,大町市
20-20213,20,長野県,20213,飯山市
20-20214,20,長野県,20214,茅野市
20-20215,20,長野県,20215,塩尻市
20-20217,20,長野県,20217,佐久市
20-20218,20,長野県,20218,千曲市
20-20219,20,長野県,20219,東御市
20-20220,20,長野県,20220,安曇野市
20-20303,20,長野県,20303,小海町
20-20304,20,長野県,20304,川上村
20-20305,20,長野県,20305,南牧村
20-20306,20,長野県,20306,南相木村
20-20307,20,長野県,20307,北相木村
20-20309,20,長野県,20309,佐久穂町
20-20321,20,長野県,20321,軽井沢町
20-20323,20,長野県,20323,御代田町
20-20324,20,長野県,20324,立科町
20-20349,20,長野県,20349,青木村
20-20350,20,長野県,20350,長和町
20-20361,20,長野県,20361,下諏訪町
20-20362,20,長野県,20362,富士見町
20-20363,20,長野県,20363,原村
20-20382,20,長野県,20382,辰野町
20-20383,20,長野県,20383,箕輪町
20-20384,20,長野県,20384,飯島町
20-20385,20,長野県,20385,南箕輪村
20-20386,20,長野県,20386,中川村
20-20388,20,長野県,20388,宮田村
20-20402,20,長野県,20402,松川町
20-20403,20,長野県,20403,高森町
20-20404,20,長野県,20404,阿南町
20-20407,20,長野県,20407,阿智村
20-20409,20,長野県,20409,平谷村
20-20410,20,長野県,20410,根羽村
20-20411,20,長野県,20411,下條村
20-20412,20,長野県,20412,売木村
20-20413,20,長野県,20413,天龍村
20-20414,20,長野県,20414,泰阜村
20-20415,20,長野県,20415,喬木村
20-20416,20,長野県,20416,豊丘村
20-20417,20,長野県,20417,大鹿村
20-20422,20,長野県,20422,上松町
20-20423,20,長野県,20423,南木曽町
20-20425,20,長野県,20425,木祖村
20-20429,20,長野県,20429,王滝村
20-20430,20,長野県,20430,大桑村
20-20432,20,長野県,20432,木曽町
20-20446,20,長野県,20446,麻績村
20-20448,20,長野県,20448,生坂村
20-20450,20,長野県,20450,山形村
20-20451,20,長野県,20451,朝日村
20-20452,20,長野県,20452,筑北村
20-20481,20,長野県,20481,池田町
20-20482,20,長野県,20482,松川村
20-20485,20,長野県,20485,白馬村
20-20486,20,長野県,20486,小谷村
20-20521,20,長野県,20521,坂城町
20-20541,20,長野県,20541,小布施町
20-20543,20,長野県,20543,高山村
20-20561,20,長野県,20561,山ノ内町
20-20562,20,長野県,20562,木島平村
20-20563,20,長野県,20563,野沢温泉村
20-20583,20,長野県,20583,信濃町
20-20588,20,長野県,20588,小川村
20-20590,20,長野県,20590,飯綱町
20-20602,20,長野県,20602,栄村
21-21000,21,岐阜県,21000,
21-21201,21,岐阜県,21201,岐阜市
21-21202,21,岐阜県,21202,大垣市
21-21203,21,岐阜県,21203,高山市
21-21204,21,岐阜県,21204,多治見市
21-21205,21,岐阜県,21205,関市
21-21206,21,岐阜県,21206,中津川市
21-21207,21,岐阜県,21207,美濃市
21-21208,21,岐阜県,21208,瑞浪市
21-21209,21,岐阜県,21209,羽島市
21-21210,21,岐阜県,21210,恵那市
21-21211,21,岐阜県,21211,美濃加茂市
21-21212,21,岐阜県,21212,土岐市
21-21213,21,岐阜県,21213,各務原市
21-21214,21,岐阜県,21214,可児市
21-21215,21,岐阜県,21215,山県市
21-21216,21,岐阜県,21216,瑞穂市
21-21217,21,岐阜県,21217,飛騨市
21-21218,21,岐阜県,21218,本巣市
21-21219,21,岐阜県,21219,郡上市
21-21220,21,岐阜県,21220,下呂市
21-21221,21,岐阜県,21221,海津市
21-21302,21,岐阜県,21302,岐南町
21-21303,21,岐阜県,21303,笠松町
21-21341,21,岐阜県,21341,養老町
21-21361,21,岐阜県,21361,垂井町
21-21362,21,岐阜県,21362,関ケ原町
21-21381,21,岐阜県,21381,神戸町
21-21382,21,岐阜県,21382,輪之内町
21-21383,21,岐阜県,21383,安八町
21-21401,21,岐阜県,21401,揖斐川町
21-21403,21,岐阜県,21403,大野町
21-21404,21,岐阜県,21404,池田町
21-21421,21,岐阜県,21421,北方町
21-21501,21,岐阜県,21501,坂祝町
21-21502,21,岐阜県,21502,富加町
21-21503,21,岐阜県,21503,川辺町
21-21504,21,岐阜県,21504,七宗町
21-21505,21,岐阜県,21505,八百津町
21-21506,21,岐阜県,21506,白川町
21-21507,21,岐阜県,21507,東白川村
21-21521,21,岐阜県,21521,御嵩町
21-21604,21,岐阜県,21604,白川村
22-22000,22,静岡県,22000,
22-22100,22,静岡県,22100,静岡市
22-22130,22,静岡県,22130,浜松市
22-22203,22,静岡県,22203,沼津市
22-22205,22,静岡県,22205,熱海市
22-22206,22,静岡県,22206,三島市
22-22207,22,静岡県,22207,富士宮市
22-22208,22,静岡県,22208,伊東市
22-22209,22,静岡県,22209,島田市
22-22210,22,静岡県,22210,富士市
22-22211,22,静岡県,22211,磐田市
22-22212,22,静岡県,22212,焼津市
22-22213,22,静岡県,22213,掛川市
22-22214,22,静岡県,22214,藤枝市
22-22215,22,静岡県,22215,御殿場市
22-22216,22,静岡県,22216,袋井市
22-22219,22,静岡県,22219,下田市
22-22220,22,静岡県,22220,裾野市
22-22221,22,静岡県,22221,湖西市
22-22222,22,静岡県,22222,伊豆市
22-22223,22,静岡県,22223,御前崎市
22-22224,22,静岡県,22224,菊川市
22-22225,22,静岡県,22225,伊豆の国市
22-22226,22,静岡県,22226,牧之原市
22-22301,22,静岡県,22301,東伊豆町
22-22302,22,静岡県,22302,河津町
22-22304,22,静岡県,22304,南伊豆町
22-22305,22,静岡県,22305,松崎町
22-22306,22,静岡県,22306,西伊豆町
22-22325,22,静岡県,22325,函南町
22-22341,22,静岡県,22341,清水町
22-22342,22,静岡県,22342,長泉町
22-22344,22,静岡県,22344,小山町
22-22424,22,静岡県,22424,吉田町
22-22429,22,静岡県,22429,川根本町
22-22461,22,静岡県,22461,森町
23-23000,23,愛知県,23000,
23-23100,23,愛知県,23100,名古屋市
23-23201,23,愛知県,23201,豊橋市
23-23202,23,愛知県,23202,岡崎市
23-23203,23,愛知県,23203,一宮市
23-23204,23,愛知県,23204,瀬戸市
23-23205,23,愛知県,23205,半田市
23-23206,23,愛知県,23206,春日井市
23-23207,23,愛知県,23207,豊川市
23-23208,23,愛知県,23208,津島市
23-23209,23,愛知県,23209,碧南市
23-23210,23,愛知県,23210,刈谷市
23-23211,23,愛知県,23211,豊田市
23-23212,23,愛知県,23212,安城市
23-23213,23,愛知県,23213,西尾市
23-23214,23,愛知県,23214,蒲郡市
23-23215,23,愛知県,23215,犬山市
23-23216,23,愛知県,23216,常滑市
23-23217,23,愛知県,23217,江南市
23-23219,23,愛知県,23219,小牧市
23-23220,23,愛知県,23220,稲沢市
23-23221,23,愛知県,23221,新城市
23-23222,23,愛知県,23222,東海市
23-23223,23,愛知県,23223,大府市
23-23224,23,愛知県,23224,知多市
23-23225,23,愛知県,23225,知立市
23-23226,23,愛知県,23226,尾張旭市
23-23227,23,愛知県,23227,高浜市
23-23228,23,愛知県,23228,岩倉市
23-23229,23,愛知県,23229,豊明市
23-23230,23,愛知県,23230,日進市
23-23231,23,愛知県,23231,田原市
23-23232,23,愛知県,23232,愛西市
23-23233,23,愛知県,23233,清須市
23-23234,23,愛知県,23234,北名古屋市
23-23235,23,愛知県,23235,弥富市
23-23236,23,愛知県,23236,みよし市
23-23237,23,愛知県,23237,あま市
23-23238,23,愛知県,23238,長久手市
23-23302,23,愛知県,23302,東郷町
23-23342,23,愛知県,23342,豊山町
23-23361,23,愛知県,23361,大口町
23-23362,23,愛知県,23362,扶桑町
23-23424,23,愛知県,23424,大治町
23-23425,23,愛知県,23425,蟹江町
23-23427,23,愛知県,23427,飛島村
23-23441,23,愛知県,23441,阿久比町
23-23442,23,愛知県,23442,東浦町
23-23445,23,愛知県,23445,南知多町
23-23446,23,愛知県,23446,美浜町
23-23447,23,愛知県,23447,武豊町
23-23501,23,愛知県,23501,幸田町
23-23561,23,愛知県,23561,設楽町
23-23562,23,愛知県,23562,東栄町
23-23563,23,愛知県,23563,豊根村
24-24000,24,三重県,24000,
24-24201,24,三重県,24201,津市
24-24202,24,三重県,24202,四日市市
24-24203,24,三重県,24203,伊勢市
24-24204,24,三重県,24204,松阪市
24-24205,24,三重県,24205,桑名市
24-24207,24,三重県,24207,鈴鹿市
24-24208,24,三重県,24208,名張市
24-24209,24,三重県,24209,尾鷲市
24-24210,24,三重県,24210,亀山市
24-24211,24,三重県,24211,鳥羽市
24-24212,24,三重県,24212,熊野市
24-24214,24,三重県,24214,いなべ市
24-24215,24,三重県,24215,志摩市
24-24216,24,三重県,24216,伊賀市
24-24303,24,三重県,24303,木曽岬町
24-24324,24,三重県,24324,東員町
24-24341,24,三重県,24341,菰野町
24-24343,24,三重県,24343,朝日町
24-24344,24,三重県,24344,川越町
24-24441,24,三重県,24441,多気町
24-24442,24,三重県,24442,明和町
24-24443,24,三重県,24443,大台町
24-24461,24,三重県,24461,玉城町
24-24470,24,三重県,24470,度会町
24-24471,24,三重県,24471,大紀町
24-24472,24,三重県,24472,南伊勢町
24-24543,24,三重県,24543,紀北町
24-24561,24,三重県,24561,御浜町
24-24562,24,三重県,24562,紀宝町
25-25000,25,滋賀県,25000,
25-25201,25,滋賀県,25201,大津市
25-25202,25,滋賀県,25202,彦根市
25-25203,25,滋賀県,25203,長浜市
25-25204,25,滋賀県,25204,近江八幡市
25-25206,25,滋賀県,25206,草津市
25-25207,25,滋賀県,25207,守山市
25-25208,25,滋賀県,25208,栗東市
25-25209,25,滋賀県,25209,甲賀市
25-25210,25,滋賀県,25210,野洲市
25-25211,25,滋賀県,25211,湖南市
25-25212,25,滋賀県,25212,高島市
25-25213,25,滋賀県,25213,東近江市
25-25214,25,滋賀県,25214,米原市
25-25383,25,滋賀県,25383,日野町
25-25384,25,滋賀県,25384,竜王町
25-25425,25,滋賀県,25425,愛荘町
25-25441,25,滋賀県,25441,豊郷町
25-25442,25,滋賀県,25442,甲良町
25-25443,25,滋賀県,25443,多賀町
26-26000,26,京都府,26000,
26-26100,26,京都府,26100,京都市
26-26201,26,京都府,26201,福知山市
26-26202,26,京都府,26202,舞鶴市
26-26203,26,京都府,26203,綾部市
26-26204,26,京都府,26204,宇治市
26-26205,26,京都府,26205,宮津市
26-26206,26,京都府,26206,亀岡市
26-26207,26,京都府,26207,城陽市
26-26208,26,京都府,26208,向日市
26-26209,26,京都府,26209,長岡京市
26-26210,26,京都府,26210,八幡市
26-26211,26,京都府,26211,京田辺市
26-26212,26,京都府,26212,京丹後市
26-26213,26,京都府,26213,南丹市
26-26214,26,京都府,26214,木津川市
26-26303,26,京都府,26303,大山崎町
26-26322,26,京都府,26322,久御山町
26-26343,26,京都府,26343,井手町
26-26344,26,京都府,26344,宇治田原町
26-26364,26,京都府,26364,笠置町
26-26365,26,京都府,26365,和束町
26-26366,26,京都府,26366,精華町
26-26367,26,京都府,26367,南山城村
26-26407,26,京都府,26407,京丹波町
26-26463,26,京都府,26463,伊根町
26-26465,26,京都府,26465,与謝野町
27-27000,27,大阪府,27000,
27-27100,27,大阪府,27100,大阪市
27-27140,27,大阪府,27140,堺市
27-27202,27,大阪府,27202,岸和田市
27-27203,27,大阪府,27203,豊中市
27-27204,27,大阪府,27204,池田市
27-27205,27,大阪府,27205,吹田市
27-27206,27,大阪府,27206,泉大津市
27-27207,27,大阪府,27207,高槻市
27-27208,27,大阪府,27208,貝塚市
27-27209,27,大阪府,27209,守口市
27-27210,27,大阪府,27210,枚方市
27-27211,27,大阪府,27211,茨木市
27-27212,27,大阪府,27212,八尾市
27-27213,27,大阪府,27213,泉佐野市
27-27214,27,大阪府,27214,富田林市
27-27215,27,大阪府,27215,寝屋川市
27-27216,27,大阪府,27216,河内長野市
27-27217,27,大阪府,27217,松原市
27-27218,27,大阪府,27218,大東市
27-27219,27,大阪府,27219,和泉市
27-27220,27,大阪府,27220,箕面市
27-27221,27,大阪府,27221,柏原市
27-27222,27,大阪府,27222,羽曳野市
27-27223,27,大阪府,27223,門真市
27-27224,27,大阪府,27224,摂津市
27-27225,27,大阪府,27225,高石市
27-27226,27,大阪府,27226,藤井寺市
27-27227,27,大阪府,27227,東大阪市
27-27228,27,大阪府,27228,泉南市
27-27229,27,大阪府,27229,四條畷市
27-27230,27,大阪府,27230,交野市
27-27231,27,大阪府,27231,大阪狭山市
27-27232,27,大阪府,27232,阪南市
27-27301,27,大阪府,27301,島本町
27-27321,27,大阪府,27321,豊能町
27-27322,27,大阪府,27322,能勢町
27-27341,27,大阪府,27341,忠岡町
27-27361,27,大阪府,27361,熊取町
27-27362,27,大阪府,27362,田尻町
27-27366,27,大阪府,27366,岬町
27-27381,27,大阪府,27381,太子町
27-27382,27,大阪府,27382,河南町
27-27383,27,大阪府,27383,千早赤阪村
28-28000,28,兵庫県,28000,
28-28100,28,兵庫県,28100,神戸市
28-28201,28,兵庫県,28201,姫路市
28-28202,28,兵庫県,28202,尼崎市
28-28203,28,兵庫県,28203,明石市
28-28204,28,兵庫県,28204,西宮市
28-28205,28,兵庫県,28205,洲本市
28-28206,28,兵庫県,28206,芦屋市
28-28207,28,兵庫県,28207,伊丹市
28-28208,28,兵庫県,28208,相生市
28-28209,28,兵庫県,28209,豊岡市
28-28210,28,兵庫県,28210,加古川市
28-28212,28,兵庫県,28212,赤穂市
28-28213,28,兵庫県,28213,西脇市
28-28214,28,兵庫県,28214,宝塚市
28-28215,28,兵庫県,28215,三木市
28-28216,28,兵庫県,28216,高砂市
28-28217,28,兵庫県,28217,川西市
28-28218,28,兵庫県,28218,小野市
28-28219,28,兵庫県,28219,三田市
28-28220,28,兵庫県,28220,加西市
28-28221,28,兵庫県,28221,丹波篠山市
28-28222,28,兵庫県,28222,養父市
28-28223,28,兵庫県,28223,丹波市
28-28224,28,兵庫県,28224,南あわじ市
28-28225,28,兵庫県,28225,朝来市
28-28226,28,兵庫県,28226,淡路市
28-28227,28,兵庫県,28227,宍粟市
28-28228,28,兵庫県,28228,加東市
28-28229,28,兵庫県,28229,たつの市
28-28301,28,兵庫県,28301,猪名川町
28-28365,28,兵庫県,28365,多可町
28-28381,28,兵庫県,28381,稲美町
28-28382,28,兵庫県,28382,播磨町
28-28442,28,兵庫県,28442,市川町
28-28443,28,兵庫県,28443,福崎町
28-28446,28,兵庫県,28446,神河町
28-28464,28,兵庫県,28464,太子町
28-28481,28,兵庫県,28481,上郡町
28-28501,28,兵庫県,28501,佐用町
28-28585,28,兵庫県,28585,香美町
28-28586,28,兵庫県,28586,新温泉町
29-29000,29,奈良県,29000,
29-29201,29,奈良県,29201,奈良市
29-29202,29,奈良県,29202,大和高田市
29-29203,29,奈良県,29203,大和郡山市
29-29204,29,奈良県,29204,天理市
29-29205,29,奈良県,29205,橿原市
29-29206,29,奈良県,29206,桜井市
29-29207,29,奈良県,29207,五條市
29-29208,29,奈良県,29208,御所市
29-29209,29,奈良県,29209,生駒市
29-29210,29,奈良県,29210,香芝市
29-29211,29,奈良県,29211,葛城市
29-29212,29,奈良県,29212,宇陀市
29-29322,29,奈良県,29322,山添村
29-29342,29,奈良県,29342,平群町
29-29343,29,奈良県,29343,三郷町
29-29344,29,奈良県,29344,斑鳩町
29-29345,29,奈良県,29345,安堵町
29-29361,29,奈良県,29361,川西町
29-29362,29,奈良県,29362,三宅町
29-29363,29,奈良県,29363,田原本町
29-29385,29,奈良県,29385,曽爾村
29-29386,29,奈良県,29386,御杖村
29-29401,29,奈良県,29401,高取町
29-29402,29,奈良県,29402,明日香村
29-29424,29,奈良県,29424,上牧町
29-29425,29,奈良県,29425,王寺町
29-29426,29,奈良県,29426,広陵町
29-29427,29,奈良県,29427,河合町
29-29441,29,奈良県,29441,吉野町
29-29442,29,奈良県,29442,大淀町
29-29443,29,奈良県,29443,下市町
29-29444,29,奈良県,29444,黒滝村
29-29446,29,奈良県,29446,天川村
29-29447,29,奈良県,29447,野迫川村
29-29449,29,奈良県,29449,十津川村
29-29450,29,奈良県,29450,下北山村
29-29451,29,奈良県,29451,上北山村
29-29452,29,奈良県,29452,川上村
29-29453,29,奈良県,29453,東吉野村
30-30000,30,和歌山県,30000,
30-30201,30,和歌山県,30201,和歌山市
30-30202,30,和歌山県,30202,海南市
30-30203,30,和歌山県,30203,橋本市
30-30204,30,和歌山県,30204,有田市
30-30205,30,和歌山県,30205,御坊市
30-30206,30,和歌山県,30206,田辺市
30-30207,30,和歌山県,30207,新宮市
30-30208,30,和歌山県,30208,紀の川市
30-30209,30,和歌山県,30209,岩出市
30-30304,30,和歌山県,30304,紀美野町
30-30341,30,和歌山県,30341,かつらぎ町
30-30343,30,和歌山県,30343,九度山町
30-30344,30,和歌山県,30344,高野町
30-30361,30,和歌山県,30361,湯浅町
30-30362,30,和歌山県,30362,広川町
30-30366,30,和歌山県,30366,有田川町
30-30381,30,和歌山県,30381,美浜町
30-30382,30,和歌山県,30382,日高町
30-30383,30,和歌山県,30383,由良町
30-30390,30,和歌山県,30390,印南町
30-30391,30,和歌山県,30391,みなべ町
30-30392,30,和歌山県,30392,日高川町
30-30401,30,和歌山県,30401,白浜町
30-30404,30,和歌山県,30404,上富田町
30-30406,30,和歌山県,30406,すさみ町
30-30421,30,和歌山県,30421,那智勝浦町
30-30422,30,和歌山県,30422,太地町
30-30424,30,和歌山県,30424,古座川町
30-30427,30,和歌山県,30427,北山村
30-30428,30,和歌山県,30428,串本町
31-31000,31,鳥取県,31000,
31-31201,31,鳥取県,31201,鳥取市
31-31202,31,鳥取県,31202,米子市
31-31203,31,鳥取県,31203,倉吉市
31-31204,31,鳥取県,31204,境港市
31-31302,31,鳥取県,31302,岩美町
31-31325,31,鳥取県,31325,若桜町
31-31328,31,鳥取県,31328,智頭町
31-31329,31,鳥取県,31329,八頭町
31-31364,31,鳥取県,31364,三朝町
31-31370,31,鳥取県,31370,湯梨浜町
31-31371,31,鳥取県,31371,琴浦町
31-31372,31,鳥取県,31372,北栄町
31-31384,31,鳥取県,31384,日吉津村
31-31386,31,鳥取県,31386,大山町
31-31389,31,鳥取県,31389,南部町
31-31390,31,鳥取県,31390,伯耆町
31-31401,31,鳥取県,31401,日南町
31-31402,31,鳥取県,31402,日野町
31-31403,31,鳥取県,31403,江府町
32-32000,32,島根県,32000,
32-32201,32,島根県,32201,松江市
32-32202,32,島根県,32202,浜田市
32-32203,32,島根県,32203,出雲市
32-32204,32,島根県,32204,益田市
32-32205,32,島根県,32205,大田市
32-32206,32,島根県,32206,安来市
32-32207,32,島根県,32207,江津市
32-32209,32,島根県,32209,雲南市
32-32343,32,島根県,32343,奥出雲町
32-32386,32,島根県,32386,飯南町
32-32441,32,島根県,32441,川本町
32-32448,32,島根県,32448,美郷町
32-32449,32,島根県,32449,邑南町
32-32501,32,島根県,32501,津和野町
32-32505,32,島根県,32505,吉賀町
32-32525,32,島根県,32525,海士町
32-32526,32,島根県,32526,西ノ島町
32-32527,32,島根県,32527,知夫村
32-32528,32,島根県,32528,隠岐の島町
33-33000,33,岡山県,33000,
33-33100,33,岡山県,33100,岡山市
33-33202,33,岡山県,33202,倉敷市
33-33203,33,岡山県,33203,津山市
33-33204,33,岡山県,33204,玉野市
33-33205,33,岡山県,33205,笠岡市
33-33207,33,岡山県,33207,井原市
33-33208,33,岡山県,33208,総社市
33-33209,33,岡山県,33209,高梁市
33-33210,33,岡山県,33210,新見市
33-33211,33,岡山県,33211,備前市
33-33212,33,岡山県,33212,瀬戸内市
33-33213,33,岡山県,33213,赤磐市
33-33214,33,岡山県,33214,真庭市
33-33215,33,岡山県,33215,美作市
33-33216,33,岡山県,33216,浅口市
33-33346,33,岡山県,33346,和気町
33-33423,33,岡山県,33423,早島町
33-33445,33,岡山県,33445,里庄町
33-33461,33,岡山県,33461,矢掛町
33-33586,33,岡山県,33586,新庄村
33-33606,33,岡山県,33606,鏡野町
33-33622,33,岡山県,33622,勝央町
33-33623,33,岡山県,33623,奈義町
33-33643,33,岡山県,33643,西粟倉村
33-33663,33,岡山県,33663,久米南町
33-33666,33,岡山県,33666,美咲町
33-33681,33,岡山県,33681,吉備中央町
34-34000,34,広島県,34000,
34-34100,34,広島県,34100,広島市
34-34202,34,広島県,34202,呉市
34-34203,34,広島県,34203,竹原市
34-34204,34,広島県,34204,三原市
34-34205,34,広島県,34205,尾道市
34-34207,34,広島県,34207,福山市
34-34208,34,広島県,34208,府中市
34-34209,34,広島県,34209,三次市
34-34210,34,広島県,34210,庄原市
34-34211,34,広島県,34211,大竹市
34-34212,34,広島県,34212,東広島市
34-34213,34,広島県,34213,廿日市市
34-34214,34,広島県,34214,安芸高田市
34-34215,34,広島県,34215,江田島市
34-34302,34,広島県,34302,府中町
34-34304,34,広島県,34304,海田町
34-34307,34,広島県,34307,熊野町
34-34309,34,広島県,34309,坂町
34-34368,34,広島県,34368,安芸太田町
34-34369,34,広島県,34369,北広島町
34-34431,34,広島県,34431,大崎上島町
34-34462,34,広島県,34462,世羅町
34-34545,34,広島県,34545,神石高原町
35-35000,35,山口県,35000,
35-35201,35,山口県,35201,下関市
35-35202,35,山口県,35202,宇部市
35-35203,35,山口県,35203,山口市
35-35204,35,山口県,35204,萩市
35-35206,35,山口県,35206,防府市
35-35207,35,山口県,35207,下松市
35-35208,35,山口県,35208,岩国市
35-35210,35,山口県,35210,光市
35-35211,35,山口県,35211,長門市
35-35212,35,山口県,35212,柳井市
35-35213,35,山口県,35213,美祢市
35-35215,35,山口県,35215,周南市
35-35216,35,山口県,35216,山陽小野田市
35-35305,35,山口県,35305,周防大島町
35-35321,35,山口県,35321,和木町
35-35341,35,山口県,35341,上関町
35-35343,35,山口県,35343,田布施町
35-35344,35,山口県,35344,平生町
35-35502,35,山口県,35502,阿武町
36-36000,36,徳島県,36000,
36-36201,36,徳島県,36201,徳島市
36-36202,36,徳島県,36202,鳴門市
36-36203,36,徳島県,36203,小松島市
36-36204,36,徳島県,36204,阿南市
36-36205,36,徳島県,36205,吉野川市
36-36206,36,徳島県,36206,阿波市
36-36207,36,徳島県,36207,美馬市
36-36208,36,徳島県,36208,三好市
36-36301,36,徳島県,36301,勝浦町
36-36302,36,徳島県,36302,上勝町
36-36321,36,徳島県,36321,佐那河内村
36-36341,36,徳島県,36341,石井町
36-36342,36,徳島県,36342,神山町
36-36368,36,徳島県,36368,那賀町
36-36383,36,徳島県,36383,牟岐町
36-36387,36,徳島県,36387,美波町
36-36388,36,徳島県,36388,海陽町
36-36401,36,徳島県,36401,松茂町
36-36402,36,徳島県,36402,北島町
36-36403,36,徳島県,36403,藍住町
36-36404,36,徳島県,36404,板野町
36-36405,36,徳島県,36405,上板町
36-36468,36,徳島県,36468,つるぎ町
36-36489,36,徳島県,36489,東みよし町
37-37000,37,香川県,37000,
37-37201,37,香川県,37201,高松市
37-37202,37,香川県,37202,丸亀市
37-37203,37,香川県,37203,坂出市
37-37204,37,香川県,37204,善通寺市
37-37205,37,香川県,37205,観音寺市
37-37206,37,香川県,37206,さぬき市
37-37207,37,香川県,37207,東かがわ市
37-37208,37,香川県,37208,三豊市
37-37322,37,香川県,37322,土庄町
37-37324,37,香川県,37324,小豆島町
37-37341,37,香川県,37341,三木町
37-37364,37,香川県,37364,直島町
37-37386,37,香川県,37386,宇多津町
37-37387,37,香川県,37387,綾川町
37-37403,37,香川県,37403,琴平町
37-37404,37,香川県,37404,多度津町
37-37406,37,香川県,37406,まんのう町
38-38000,38,愛媛県,38000,
38-38201,38,愛媛県,38201,松山市
38-38202,38,愛媛県,38202,今治市
38-38203,38,愛媛県,38203,宇和島市
38-38204,38,愛媛県,38204,八幡浜市
38-38205,38,愛媛県,38205,新居浜市
38-38206,38,愛媛県,38206,西条市
38-38207,38,愛媛県,38207,大洲市
38-38210,38,愛媛県,38210,伊予市
38-38213,38,愛媛県,38213,四国中央市
38-38214,38,愛媛県,38214,西予市
38-38215,38,愛媛県,38215,東温市
38-38356,38,愛媛県,38356,上島町
38-38386,38,愛媛県,38386,久万高原町
38-38401,38,愛媛県,38401,松前町
38-38402,38,愛媛県,38402,砥部町
38-38422,38,愛媛県,38422,内子町
38-38442,38,愛媛県,38442,伊方町
38-38484,38,愛媛県,38484,松野町
38-38488,38,愛媛県,38488,鬼北町
38-38506,38,愛媛県,38506,愛南町
39-39000,39,高知県,39000,
39-39201,39,高知県,39201,高知市
39-39202,39,高知県,39202,室戸市
39-39203,39,高知県,39203,安芸市
39-39204,39,高知県,39204,南国市
39-39205,39,高知県,39205,土佐市
39-39206,39,高知県,39206,須崎市
39-39208,39,高知県,39208,宿毛市
39-39209,39,高知県,39209,土佐清水市
39-39210,39,高知県,39210,四万十市
39-39211,39,高知県,39211,香南市
39-39212,39,高知県,39212,香美市
39-39301,39,高知県,39301,東洋町
39-39302,39,高知県,39302,奈半利町
39-39303,39,高知県,39303,田野町
39-39304,39,高知県,39304,安田町
39-39305,39,高知県,39305,北川村
39-39306,39,高知県,39306,馬路村
39-39307,39,高知県,39307,芸西村
39-39341,39,高知県,39341,本山町
39-39344,39,高知県,39344,大豊町
39-39363,39,高知県,39363,土佐町
39-39364,39,高知県,39364,大川村
39-39386,39,高知県,39386,いの町
39-39387,39,高知県,39387,仁淀川町
39-39401,39,高知県,39401,中土佐町
39-39402,39,高知県,39402,佐川町
39-39403,39,高知県,39403,越知町
39-39405,39,高知県,39405,梼原町
39-39410,39,高知県,39410,日高村
39-39411,39,高知県,39411,津野町
39-39412,39,高知県,39412,四万十町
39-39424,39,高知県,39424,大月町
39-39427,39,高知県,39427,三原村
39-39428,39,高知県,39428,黒潮町
40-40000,40,福岡県,40000,
40-40100,40,福岡県,40100,北九州市
40-40130,40,福岡県,40130,福岡市
40-40202,40,福岡県,40202,大牟田市
40-40203,40,福岡県,40203,久留米市
40-40204,40,福岡県,40204,直方市
40-40205,40,福岡県,40205,飯塚市
40-40206,40,福岡県,40206,田川市
40-40207,40,福岡県,40207,柳川市
40-40210,40,福岡県,40210,八女市
40-40211,40,福岡県,40211,筑後市
40-40212,40,福岡県,40212,大川市
40-40213,40,福岡県,40213,行橋市
40-40214,40,福岡県,40214,豊前市
40-40215,40,福岡県,40215,中間市
40-40216,40,福岡県,40216,小郡市
40-40217,40,福岡県,40217,筑紫野市
40-40218,40,福岡県,40218,春日市
40-40219,40,福岡県,40219,大野城市
40-40220,40,福岡県,40220,宗像市
40-40221,40,福岡県,40221,太宰府市
40-40223,40,福岡県,40223,古賀市
40-40224,40,福岡県,40224,福津市
40-40225,40,福岡県,40225,うきは市
40-40226,40,福岡県,40226,宮若市
40-40227,40,福岡県,40227,嘉麻市
40-40228,40,福岡県,40228,朝倉市
40-40229,40,福岡県,40229,みやま市
40-40230,40,福岡県,40230,糸島市
40-40231,40,福岡県,40231,那珂川市
40-40341,40,福岡県,40341,宇美町
40-40342,40,福岡県,40342,篠栗町
40-40343,40,福岡県,40343,志免町
40-40344,40,福岡県,40344,須恵町
40-40345,40,福岡県,40345,新宮町
40-40348,40,福岡県,40348,久山町
40-40349,40,福岡県,40349,粕屋町
40-40381,40,福岡県,40381,芦屋町
40-40382,40,福岡県,40382,水巻町
40-40383,40,福岡県,40383,岡垣町
40-40384,40,福岡県,40384,遠賀町
40-40401,40,福岡県,40401,小竹町
40-40402,40,福岡県,40402,鞍手町
40-40421,40,福岡県,40421,桂川町
40-40447,40,福岡県,40447,筑前町
40-40448,40,福岡県,40448,東峰村
40-40503,40,福岡県,40503,大刀洗町
40-40522,40,福岡県,40522,大木町
40-40544,40,福岡県,40544,広川町
40-40601,40,福岡県,40601,香春町
40-40602,40,福岡県,40602,添田町
40-40604,40,福岡県,40604,糸田町
40-40605,40,福岡県,40605,川崎町
40-40608,40,福岡県,40608,大任町
40-40609,40,福岡県,40609,赤村
40-40610,40,福岡県,40610,福智町
40-40621,40,福岡県,40621,苅田町
40-40625,40,福岡県,40625,みやこ町
40-40642,40,福岡県,40642,吉富町
40-40646,40,福岡県,40646,上毛町
40-40647,40,福岡県,40647,築上町
41-41000,41,佐賀県,41000,
41-41201,41,佐賀県,41201,佐賀市
41-41202,41,佐賀県,41202,唐津市
41-41203,41,佐賀県,41203,鳥栖市
41-41204,41,佐賀県,41204,多久市
41-41205,41,佐賀県,41205,伊万里市
41-41206,41,佐賀県,41206,武雄市
41-41207,41,佐賀県,41207,鹿島市
41-41208,41,佐賀県,41208,小城市
41-41209,41,佐賀県,41209,嬉野市
41-41210,41,佐賀県,41210,神埼市
41-41327,41,佐賀県,41327,吉野ヶ里町
41-41341,41,佐賀県,41341,基山町
41-41345,41,佐賀県,41345,上峰町
41-41346,41,佐賀県,41346,みやき町
41-41387,41,佐賀県,41387,玄海町
41-41401,41,佐賀県,41401,有田町
41-41423,41,佐賀県,41423,大町町
41-41424,41,佐賀県,41424,江北町
41-41425,41,佐賀県,41425,白石町
41-41441,41,佐賀県,41441,太良町
42-42000,42,長崎県,42000,
42-42201,42,長崎県,42201,長崎市
42-42202,42,長崎県,42202,佐世保市
42-42203,42,長崎県,42203,島原市
42-42204,42,長崎県,42204,諫早市
42-42205,42,長崎県,42205,大村市
42-42207,42,長崎県,42207,平戸市
42-42208,42,長崎県,42208,松浦市
42-42209,42,長崎県,42209,対馬市
42-42210,42,長崎県,42210,壱岐市
42-42211,42,長崎県,42211,五島市
42-42212,42,長崎県,42212,西海市
42-42213,42,長崎県,42213,雲仙市
42-42214,42,長崎県,42214,南島原市
42-42307,42,長崎県,42307,長与町
42-42308,42,長崎県,42308,時津町
42-42321,42,長崎県,42321,東彼杵町
42-42322,42,長崎県,42322,川棚町
42-42323,42,長崎県,42323,波佐見町
42-42383,42,長崎県,42383,小値賀町
42-42391,42,長崎県,42391,佐々町
42-42411,42,長崎県,42411,新上五島町
43-43000,43,熊本県,43000,
43-43100,43,熊本県,43100,熊本市
43-43202,43,熊本県,43202,八代市
43-43203,43,熊本県,43203,人吉市
43-43204,43,熊本県,43204,荒尾市
43-43205,43,熊本県,43205,水俣市
43-43206,43,熊本県,43206,玉名市
43-43208,43,熊本県,43208,山鹿市
43-43210,43,熊本県,43210,菊池市
43-43211,43,熊本県,43211,宇土市
43-43212,43,熊本県,43212,上天草市
43-43213,43,熊本県,43213,宇城市
43-43214,43,熊本県,43214,阿蘇市
43-43215,43,熊本県,43215,天草市
43-43216,43,熊本県,43216,合志市
43-43348,43,熊本県,43348,美里町
43-43364,43,熊本県,43364,玉東町
43-43367,43,熊本県,43367,南関町
43-43368,43,熊本県,43368,長洲町
43-43369,43,熊本県,43369,和水町
43-43403,43,熊本県,43403,大津町
43-43404,43,熊本県,43404,菊陽町
43-43423,43,熊本県,43423,南小国町
43-43424,43,熊本県,43424,小国町
43-43425,43,熊本県,43425,産山村
43-43428,43,熊本県,43428,高森町
43-43432,43,熊本県,43432,西原村
43-43433,43,熊本県,43433,南阿蘇村
43-43441,43,熊本県,43441,御船町
43-43442,43,熊本県,43442,嘉島町
43-43443,43,熊本県,43443,益城町
43-43444,43,熊本県,43444,甲佐町
43-43447,43,熊本県,43447,山都町
43-43468,43,熊本県,43468,氷川町
43-43482,43,熊本県,43482,芦北町
43-43484,43,熊本県,43484,津奈木町
43-43501,43,熊本県,43501,錦町
43-43505,43,熊本県,43505,多良木町
43-43506,43,熊本県,43506,湯前町
43-43507,43,熊本県,43507,水上村
43-43510,43,熊本県,43510,相良村
43-43511,43,熊本県,43511,五木村
43-43512,43,熊本県,43512,山江村
43-43513,43,熊本県,43513,球磨村
43-43514,43,熊本県,43514,あさぎり町
43-43531,43,熊本県,43531,苓北町
44-44000,44,大分県,44000,
44-44201,44,大分県,44201,大分市
44-44202,44,大分県,44202,別府市
44-44203,44,大分県,44203,中津市
44-44204,44,大分県,44204,日田市
44-44205,44,大分県,44205,佐伯市
44-44206,44,大分県,44206,臼杵市
44-44207,44,大分県,44207,津久見市
44-44208,44,大分県,44208,竹田市
44-44209,44,大分県,44209,豊後高田市
44-44210,44,大分県,44210,杵築市
44-44211,44,大分県,44211,宇佐市
44-44212,44,大分県,44212,豊後大野市
44-44213,44,大分県,44213,由布市
44-44214,44,大分県,44214,国東市
44-44322,44,大分県,44322,姫島村
44-44341,44,大分県,44341,日出町
44-44461,44,大分県,44461,九重町
44-44462,44,大分県,44462,玖珠町
45-45000,45,宮崎県,45000,
45-45201,45,宮崎県,45201,宮崎市
45-45202,45,宮崎県,45202,都城市
45-45203,45,宮崎県,45203,延岡市
45-45204,45,宮崎県,45204,日南市
45-45205,45,宮崎県,45205,小林市
45-45206,45,宮崎県,45206,日向市
45-45207,45,宮崎県,45207,串間市
45-45208,45,宮崎県,45208,西都市
45-45209,45,宮崎県,45209,えびの市
45-45341,45,宮崎県,45341,三股町
45-45361,45,宮崎県,45361,高原町
45-45382,45,宮崎県,45382,国富町
45-45383,45,宮崎県,45383,綾町
45-45401,45,宮崎県,45401,高鍋町
45-45402,45,宮崎県,45402,新富町
45-45403,45,宮崎県,45403,西米良村
45-45404,45,宮崎県,45404,木城町
45-45405,45,宮崎県,45405,川南町
45-45406,45,宮崎県,45406,都農町
45-45421,45,宮崎県,45421,門川町
45-45429,45,宮崎県,45429,諸塚村
45-45430,45,宮崎県,45430,椎葉村
45-45431,45,宮崎県,45431,美郷町
45-45441,45,宮崎県,45441,高千穂町
45-45442,45,宮崎県,45442,日之影町
45-45443,45,宮崎県,45443,五ヶ瀬町
46-46000,46,鹿児島県,46000,
46-46201,46,鹿児島県,46201,鹿児島市
46-46203,46,鹿児島県,46203,鹿屋市
46-46204,46,鹿児島県,46204,枕崎市
46-46206,46,鹿児島県,46206,阿久根市
46-46208,46,鹿児島県,46208,出水市
46-46210,46,鹿児島県,46210,指宿市
46-46213,46,鹿児島県,46213,西之表市
46-46214,46,鹿児島県,46214,垂水市
46-46215,46,鹿児島県,46215,薩摩川内市
46-46216,46,鹿児島県,46216,日置市
46-46217,46,鹿児島県,46217,曽於市
46-46218,46,鹿児島県,46218,霧島市
46-46219,46,鹿児島県,46219,いちき串木野市
46-46220,46,鹿児島県,46220,南さつま市
46-46221,46,鹿児島県,46221,志布志市
46-46222,46,鹿児島県,46222,奄美市
46-46223,46,鹿児島県,46223,南九州市
46-46224,46,鹿児島県,46224,伊佐市
46-46225,46,鹿児島県,46225,姶良市
46-46303,46,鹿児島県,46303,三島村
46-46304,46,鹿児島県,46304,十島村
46-46392,46,鹿児島県,46392,さつま町
46-46404,46,鹿児島県,46404,長島町
46-46452,46,鹿児島県,46452,湧水町
46-46468,46,鹿児島県,46468,大崎町
46-46482,46,鹿児島県,46482,東串良町
46-46490,46,鹿児島県,46490,錦江町
46-46491,46,鹿児島県,46491,南大隅町
46-46492,46,鹿児島県,46492,肝付町
46-46501,46,鹿児島県,46501,中種子町
46-46502,46,鹿児島県,46502,南種子町
46-46505,46,鹿児島県,46505,屋久島町
46-46523,46,鹿児島県,46523,大和村
46-46524,46,鹿児島県,46524,宇検村
46-46525,46,鹿児島県,46525,瀬戸内町
46-46527,46,鹿児島県,46527,龍郷町
46-46529,46,鹿児島県,46529,喜界町
46-46530,46,鹿児島県,46530,徳之島町
46-46531,46,鹿児島県,46531,天城町
46-46532,46,鹿児島県,46532,伊仙町
46-46533,46,鹿児島県,46533,和泊町
46-46534,46,鹿児島県,46534,知名町
46-46535,46,鹿児島県,46535,与論町
47-47000,47,沖縄県,47000,
47-47201,47,沖縄県,47201,那覇市
47-47205,47,沖縄県,47205,宜野湾市
47-47207,47,沖縄県,47207,石垣市
47-47208,47,沖縄県,47208,浦添市
47-47209,47,沖縄県,47209,名護市
47-47210,47,沖縄県,47210,糸満市
47-47211,47,沖縄県,47211,沖縄市
47-47212,47,沖縄県,47212,豊見城市
47-47213,47,沖縄県,47213,うるま市
47-47214,47,沖縄県,47214,宮古島市
47-47215,47,沖縄県,47215,南城市
47-47301,47,沖縄県,47301,国頭村
47-47302,47,沖縄県,47302,大宜味村
47-47303,47,沖縄県,47303,東村
47-47306,47,沖縄県,47306,今帰仁村
47-47308,47,沖縄県,47308,本部町
47-47311,47,沖縄県,47311,恩納村
47-47313,47,沖縄県,47313,宜野座村
47-47314,47,沖縄県,47314,金武町
47-47315,47,沖縄県,47315,伊江村
47-47324,47,沖縄県,47324,読谷村
47-47325,47,沖縄県,47325,嘉手納町
47-47326,47,沖縄県,47326,北谷町
47-47327,47,沖縄県,47327,北中城村
47-47328,47,沖縄県,47328,中城村
47-47329,47,沖縄県,47329,西原町
47-47348,47,沖縄県,47348,与那原町
47-47350,47,沖縄県,47350,南風原町
47-47353,47,沖縄県,47353,渡嘉敷村
47-47354,47,沖縄県,47354,座間味村
47-47355,47,沖縄県,47355,粟国村
47-47356,47,沖縄県,47356,渡名喜村
47-47357,47,沖縄県,47357,南大東村
47-47358,47,沖縄県,47358,北大東村
47-47359,47,沖縄県,47359,伊平屋村
47-47360,47,沖縄県,47360,伊是名村
47-47361,47,沖縄県,47361,久米島町
47-47362,47,沖縄県,47362,八重瀬町
47-47375,47,沖縄県,47375,多良間村
47-47381,47,沖縄県,47381,竹富町
47-47382,47,沖縄県,47382,与那国町
